{
  "timestamp": "2025-12-16T06:49:49.739308",
  "retention_days": 7,
  "total_files_before": 4,
  "total_size_mb_before": 8.25920581817627,
  "deleted_files": [],
  "deleted_size_mb": 0.0,
  "kept_files": 4,
  "kept_size_mb": 8.25920581817627
}